{
  "validation": {
    "0": {
      "precision": 0.9717453505007153,
      "recall": 0.9056666666666666,
      "f1-score": 0.9375431331953071,
      "support": 9000.0
    },
    "1": {
      "precision": 0.47332506203473945,
      "recall": 0.763,
      "f1-score": 0.5842266462480857,
      "support": 1000.0
    },
    "accuracy": 0.8914,
    "macro avg": {
      "precision": 0.7225352062677274,
      "recall": 0.8343333333333334,
      "f1-score": 0.7608848897216964,
      "support": 10000.0
    },
    "weighted avg": {
      "precision": 0.9219033216541176,
      "recall": 0.8914,
      "f1-score": 0.902211484500585,
      "support": 10000.0
    }
  },
  "test": {
    "0": {
      "precision": 0.9734048896839594,
      "recall": 0.9068888888888889,
      "f1-score": 0.938970376761576,
      "support": 9000.0
    },
    "1": {
      "precision": 0.48111455108359136,
      "recall": 0.777,
      "f1-score": 0.594263862332696,
      "support": 1000.0
    },
    "accuracy": 0.8939,
    "macro avg": {
      "precision": 0.7272597203837754,
      "recall": 0.8419444444444444,
      "f1-score": 0.7666171195471361,
      "support": 10000.0
    },
    "weighted avg": {
      "precision": 0.9241758558239228,
      "recall": 0.8939,
      "f1-score": 0.904499725318688,
      "support": 10000.0
    }
  }
}