{
  "train": {
    "accuracy": 0.8941125,
    "precision": 0.48151346259518013,
    "recall": 0.76675,
    "f1_score": 0.5915425044601957,
    "roc_auc": 0.9355709583333335,
    "pr_auc": 0.6607893986668893
  },
  "validation": {
    "accuracy": 0.8914,
    "precision": 0.47332506203473945,
    "recall": 0.763,
    "f1_score": 0.5842266462480857,
    "roc_auc": 0.935716,
    "pr_auc": 0.6491871864867926
  },
  "test": {
    "accuracy": 0.8939,
    "precision": 0.48111455108359136,
    "recall": 0.777,
    "f1_score": 0.594263862332696,
    "roc_auc": 0.9342792222222221,
    "pr_auc": 0.6445948664873322
  }
}